SKU,Barcode,Brand,Price,MSRP,Gross Weight,Net Weight,
ART620435 ,5000239170142,Armitage ,16,30.95," ""0.2""",0.2,
ART620436 ,5000239170357,Armitage ,6,12.38," ""0.02""",0.02,
ART620457 ,5000239172238,Armitage ,11.5,23.33," ""0.1""",0.1,
ART620666 ,5000239212378,Armitage ,6.5,13.33," ""0.1""",0.1,
ART620480 ,5000239250172,Armitage ,42.5,73.33," ""0.205""",0.2,
AR27137 ,5000239271375,Armitage ,7,13.81," ""0.375""",0.375,
ART620671 ,5000239271368,Armitage ,7.5,15.24," ""0.375""",0.375,
AR27134 ,5000239271344,Armitage ,7.5,15.24," ""0.45""",0.45,
AR27132 ,5000239271320,Armitage ,7.5,15.24," ""0.375""",0.375,
ART620452 ,5000239171873,Armitage ,46,92.38," ""0.152""",0.152,
BE16308 ,8711231163083,Beaphar ,31,52.38," ""1.08""",1,
BE16982 ,8711231169825,Beaphar ,22,41.9," ""1.04""",1,
BE12781 ,8711231127818,Beaphar ,13.5,25.71," ""0.07""",0.05,
BE11440 ,8711231114405,Beaphar ,8,15.24," ""0.05""",0.04,
BE11637 ,8711231116379,Beaphar ,8,15.24," ""0.04""",0.04,
BE15152 ,8711231151523,Beaphar ,8,15.24," ""0.05""",0.04,
BE11611 ,8711231116119,Beaphar ,18.5,35.24," ""0.18""",0.15,
BE11418 ,8711231114184,Beaphar ,8,15.24," ""0.05""",0.04,
BE18424 ,8711231184248,Beaphar ,16,26.19," ""0.27""",0.25,
BE18423 ,8711231184231,Beaphar ,15.5,24.76," ""0.27""",0.25,
BE18454 ,8711231184545,Beaphar ,44.5,68.57," ""1.55""",1.5,
BE16316 ,8710729093123,Beaphar ,40,79.52," ""2.68""",2.5,
BE16329 ,8710729093222,Beaphar ,41,81.9," ""2.68""",2.5,
BE13002 ,8711231130023,Beaphar ,143,209.05," ""5.1""",5,
BE16315 ,8710729093116,Beaphar ,19.5,39.05," ""1.04""",1,
BE16328 ,8710729093215,Beaphar ,19.5,39.05," ""1.08""",1,
BE18407 ,8711231184071,Beaphar ,44.5,68.57," ""1.53""",1.5,
BE18405 ,8711231184057,Beaphar ,44.5,68.57," ""1.53""",1.5,
BE18404 ,8711231184040,Beaphar ,44.5,68.57," ""1.53""",1.5,
BE18403 ,8711231184033,Beaphar ,44.5,68.57," ""1.53""",1.5,
BE18400 ,8711231184002,Beaphar ,24,38.57," ""0.73""",0.7,
BE15339 ,8711231153398,Beaphar ,31.5,63.33," ""0.55""",0.5,
BE10907 ,8711231109074,Beaphar ,23,46.19," ""0.15""",0.12,
BE10910 ,8711231109104,Beaphar ,23,46.19," ""0.14""",0.12,
BE10645 ,8711231106455,Beaphar ,29,58.1," ""0.13""",0.11,
BE11429 ,8711231128099,Beaphar ,18.5,37.14," ""0.14""",0.06,
BE11657 ,8711231116577,Beaphar ,16,32.38," ""0.08""",0.02,
BE13684 ,8711231136841,Beaphar ,17.5,34.76," ""0.07""",0.02,
BE17520 ,5021284175203,Beaphar ,19.5,39.05," ""0.05""",0.03,
BE17322 ,8711231173228,Beaphar ,23.5,44.76," ""0.2""",0.15,
BE17323 ,8711231173235,Beaphar ,20,38.57," ""0.13""",0.1,
BE17321 ,8711231173211,Beaphar ,25.5,48.57," ""0.3""",0.25,
BE13991 ,8711231139910,Beaphar ,27.5,52.38," ""0.3""",0.25,
BE15343 ,8711231153435,Beaphar ,22,40.95," ""0.64""",0.6,
BE16356 ,8710729093901,Beaphar ,21,40," ""1.6""",1.5,
BE15315 ,8711231153152,Beaphar ,12,23.81," ""0.04""",0.02,
BE10906 ,8711231109067,Beaphar ,18,34.29," ""0.12""",0.1,
BE12637 ,8711231126378,Beaphar ,18,30.95," ""0.31""",0.3,
BE10850 ,8711231108503,Beaphar ,23.5,41.9," ""0.13""",0.05,
BE11673 ,8711231116737,Beaphar ,24,42.38," ""0.13""",0.05,
BE11632 ,8711231116324,Beaphar ,22,40.95," ""0.13""",0.05,
BE15348 ,8711231153480,Beaphar ,17.5,31.43," ""0.02""",0.02,
BE16780 ,8710729057415,Beaphar ,50,71.43," ""20.13""",20,
BE15233 ,8711231152339,Beaphar ,22.5,36.19," ""0.44""",0.4,
BE11404 ,8711231114047,Beaphar ,8,15.24," ""0.05""",0.04,
BE15161 ,8711231151615,Beaphar ,18.5,35.24," ""0.18""",0.15,
BE12498 ,8711231124985,Beaphar ,18.5,37.14," ""0.14""",0.06,
BE11264 ,8711231112647,Beaphar ,14,28.1," ""0.08""",0.02,
BE13676 ,8711231136766,Beaphar ,17.5,35.24," ""0.07""",0.02,
BE13668 ,8711231136681,Beaphar ,18,36.19," ""0.13""",0.06,
BE12476 ,8711231124763,Beaphar ,23,44.76," ""0.1""",0.05,
BE11277 ,8711231112777,Beaphar ,25,41.43," ""0.19""",0.15,
BE11538 ,8711231115389,Beaphar ,32,60.95," ""0.21""",0.08,
BE11285 ,8711231112852,Beaphar ,33,55.71," ""0.45""",0.41,
BE17035 ,8711231170357,Beaphar ,19.5,39.05," ""0.12""",0.1,
BE11410 ,8711231114108,Beaphar ,24,38.57," ""0.14""",0.1,
BE13385 ,8711231133857,Beaphar ,27,43.33," ""0.17""",0.13,
BE15126 ,8711231151264,Beaphar ,25,41.43," ""0.17""",0.13,
BE10867 ,8711231108671,Beaphar ,27,51.43," ""0.06""",0.02,
BE15034 ,8711231150342,Beaphar ,18,30," ""0.54""",0.5,
BE13376-16 ,8711231333769,Beaphar ,80,120," ""1.8""",1.6,
BE13377-16 ,8711231333776,Beaphar ,80,120," ""1.8""",1.6,
BE17671 ,5021284176712,Beaphar ,16,26.67," ""0.04""",0.01,
BE13901 ,8711231139019,Beaphar ,19.5,38.1," ""0.03""",0.025,
BE11091 ,8711231110919,Beaphar ,21,40.95," ""0.04""",0.03,
BE13900 ,8711231139002,Beaphar ,19.5,38.1," ""0.03""",0.025,
BE11090 ,8711231110902,Beaphar ,21,40.95," ""0.03""",0.01,
BE11292 ,8711231112920,Beaphar ,16,30.95," ""0.06""",0.01,
BE17036 ,8711231170364,Beaphar ,17,34.29," ""0.12""",0.1,
BE12956 ,8711231129560,Beaphar ,17.5,35.24," ""0.11""",0.1,
BE12967 ,8711231129676,Beaphar ,17,34.29," ""0.13""",0.1,
BE13174 ,8711231131747,Beaphar ,12.5,24.76," ""0.19""",0.18,
BE13621 ,8711231136216,Beaphar ,9,17.62," ""0.13""",0.11,
BE13708 ,8711231137084,Beaphar ,13.5,27.14," ""0.04""",0.01,
BE13709 ,8711231137091,Beaphar ,13.5,27.14," ""0.05""",0.03,
BE14171 ,8711231141715,Beaphar ,31,50.95," ""0.48""",0.4,
BE15303 ,8711231153039,Beaphar ,27,50.95," ""0.17""",0.1,
BE15336 ,8711231153367,Beaphar ,18,36.19," ""0.13""",0.1,
BE15368 ,8711231153688,Beaphar ,25,47.62," ""0.18""",0.15,
BE16809 ,8710729041728,Beaphar ,21,41.9," ""1.35""",1.25,
BE11327 ,8711231113279,Beaphar ,8.5,16.67," ""0.02""",0.01,
BE13378 ,8711231333783,Beaphar ,80,118.1," ""0.13""",0.1,
BE13379 ,8711231333790,Beaphar ,80,118.1," ""0.13""",0.1,
BE16101 ,8710729044934,Beaphar ,17,33.81," ""0.07""",0.02,
BE15587 ,8711231155873,Beaphar ,34.5,80," ""0.06""",0.05,
BE15588 ,8711231155880,Beaphar ,40.5,89.52," ""0.06""",0.05,
BE15589 ,8711231155897,Beaphar ,46,100.95," ""0.05""",0.01,
BE15597 ,8711231155972,Beaphar ,55,116.19," ""0.06""",0.01,
BE15198 ,8711231151981,Beaphar ,34,57.14," ""0.36""",0.25,
BE15199 ,8711231151998,Beaphar ,37.5,62.86," ""0.37""",0.25,
BE15193 ,8711231151936,Beaphar ,59.5,97.62," ""0.64""",0.5,
BE16808 ,8710729041353,Beaphar ,295,441.9," ""0.6""",0.5,
BE15179 ,8711231151790,Beaphar ,20,40," ""0.2""",0.15,
BE13566 ,8711231135660,Beaphar ,22.5,36.19," ""0.43""",0.4,
BE13567 ,8711231135677,Beaphar ,22.5,36.19," ""0.43""",0.4,
BE17034 ,8711231170340,Beaphar ,17.5,34.76," ""0.12""",0.1,
BE12226 ,8711231122264,Beaphar ,27,51.43," ""0.57""",0.5,
BE18496 ,8711231184965,Beaphar ,27,51.43," ""0.57""",0.5,
BE12194 ,8711231121946,Beaphar ,30.5,55.71," ""0.23""",0.21,
BE17739 ,8711231177394,Beaphar ,30.5,55.71," ""0.23""",0.21,
BE17741 ,8711231177417,Beaphar ,30.5,55.71," ""0.23""",0.21,
BE17745 ,8711231177455,Beaphar ,30.5,55.71," ""0.23""",0.21,
BE17747 ,8711231177479,Beaphar ,30.5,55.71," ""0.23""",0.21,
BE17748 ,8711231177486,Beaphar ,30.5,55.71," ""0.23""",0.2,
BE17750 ,8711231177509,Beaphar ,30.5,55.71," ""0.23""",0.2,
BE17752 ,8711231177523,Beaphar ,27.5,50," ""0.12""",0.1,
BE17753 ,8711231177530,Beaphar ,24,43.81," ""0.12""",0.1,
BE13682 ,8711231136827,Beaphar ,36.5,61.9," ""0.446""",0.405,
BE14128 ,8711231141289,Beaphar ,28.5,54.29," ""0.02""",0.012,
BE14129 ,8711231141296,Beaphar ,36,68.57," ""0.034""",0.024,
BE19087 ,8711231190874,Beaphar ,32.5,61.9," ""0.057""",0.025,
BE19088 ,8711231190881,Beaphar ,47.5,90.95," ""0.11""",0.05,
BE13764 ,8711231137640,Beaphar ,20,40," ""0.05""",0.03,
BE16108 ,8710729044088,Beaphar ,17,33.81," ""0.075""",0.0241,
BE19978 ,8711231199785,Beaphar ,18,35.24," ""0.284""",0.259,
BE19969 ,8711231199693,Beaphar ,18,35.24," ""0.284""",0.259,
BE16977 ,8711231169771,Beaphar ,18,35.24," ""0.284""",0.259,
BE19982 ,8711231199822,Beaphar ,18,35.24," ""0.284""",0.259,
BE17504 ,8711231175048,Beaphar ,9,15.24," ""null""",null,
BE1000139 ,8711231201440,Beaphar ,10.5,16.67," ""0.16""",0.15,
BE1000133 ,8711231201389,Beaphar ,26.5,46.19," ""1.02""",1,
BE1000136 ,8711231201419,Beaphar ,26.5,46.19," ""1.02""",1,
BE1000132 ,8711231201372,Beaphar ,8.5,14.76," ""0.16""",0.15,
BE1000135 ,8711231201402,Beaphar ,8.5,14.76," ""0.16""",0.15,
BE1000140 ,8711231201457,Beaphar ,10.5,16.67," ""0.16""",0.15,
BE1000142 ,8711231201471,Beaphar ,10.5,16.67," ""0.16""",0.15,
BE1000137 ,8711231201426,Beaphar ,35.5,56.67," ""1.02""",1,
BE1000129 ,8711231201341,Beaphar ,32,55.71," ""1.02""",1,
BE1000128 ,8711231201334,Beaphar ,32,55.71," ""1.02""",1,
BE1000124 ,8711231201297,Beaphar ,18.5,30.95," ""0.5""",0.5,
BE1000127 ,8711231201327,Beaphar ,18.5,30.95," ""0.5""",0.5,
BE1000125 ,8711231201303,Beaphar ,18.5,30.95," ""0.5""",0.5,
BE1000131 ,8711231201365,Beaphar ,18.5,30.95," ""0.5""",0.5,
BE1000104 ,8711231201198,Beaphar ,29.5,53.33," ""null""",null,
BE1000126 ,8711231201310,Beaphar ,31,52.38," ""1""",null,
BE13841 ,8711231138418,Beaphar ,18,35.24," ""null""",null,
BE13749 ,8711231137497,Beaphar ,18,35.24," ""null""",null,
BE16868 ,8711231168682,Beaphar ,18,35.24," ""null""",null,
BE1000069 ,8711231200474,Beaphar ,29,46.67," ""0.16""",0.15,
BE1000066 ,8711231200443,Beaphar ,12,19.52," ""0.045""",0.035,
BE1000143 ,8711231201488,Beaphar ,36,59.52," ""0.275""",0.25,
HA44306W ,22517443064,Catit ,20.5,41.9," ""0.059""",0.036,
HA42985W ,22517429853,Catit ,30,60," ""0.667""",0.44,
HA43151W ,22517431511,Catit ,48,96.19," ""1.293""",0.708,
HA43152W ,22517431528,Catit ,10,20," ""0.115""",0.062,
HA43154W ,22517431542,Catit ,30,60," ""0.748""",0.533,
HA43155W ,22517431559,Catit ,40,80," ""0.64""",0.64,
HA43156W ,22517431566,Catit ,50.5,100.95," ""1.1""",1.1,
HA43741W ,22517437414,Catit ,20,40," ""0.426""",0.257,
HA43742W ,22517437421,Catit ,72.5,130," ""0.82""",0.555,
HA44305W ,22517443057,Catit ,15,30.48," ""0.05""",0.021,
HA52042 ,22517520420,Catit ,363,691.43," ""15.97""",14.753,
HA52045 ,22517520451,Catit ,495,940," ""19.8""",18.306,
HA52046 ,22517520468,Catit ,495,940," ""18.5""",17.006,
HA52048 ,22517520482,Catit ,490,931.43," ""25.2""",23.519,
HA52056 ,22517520567,Catit ,165,290.48," ""4.552""",3.599,
HA52057 ,22517520574,Catit ,180,315.24," ""4.385""",3.432,
HA52075 ,22517520758,Catit ,249.5,449.52," ""11.283""",10.569,
HA52077 ,22517520772,Catit ,249,474.29," ""12.607""",11.471,
HA54532 ,22517545324,Catit ,40,75.24," ""0.897""",0.737,
HA54531 ,22517545317,Catit ,40,75.24," ""0.897""",0.737,
HA52078 ,22517520789,Catit ,215,410," ""12.607""",11.471,
HA52072 ,22517520727,Catit ,92,175.24," ""2.772""",2.097,
HA50540 ,22517505403,Catit ,13,25.71," ""0.199""",0.167,
HA50541 ,22517505410,Catit ,19,37.14," ""0.31""",0.267,
HA50685 ,22517506851,Catit ,240,380.95," ""8.434""",6.497,
HA50705 ,22517507056,Catit ,13,25.71," ""0.058""",0.028,
HA43160 ,22517431603,Catit ,8.5,16.19," ""0.033""",0.02,
HA43165 ,22517431658,Catit ,45,80.95," ""0.196""",0.115,
HA43153W ,22517431535,Catit ,50,95.24," ""1.219""",0.623,
HA42468W ,22517424681,Catit ,87,152.38," ""1.775""",1.334,
HA44759 ,22517447598,Catit ,15,30.48," ""0.087""",0.056,
HA50725 ,22517507254,Catit ,57,100," ""0.653""",0.469,
HA50751 ,22517507513,Catit ,16,28.57," ""0.171""",0.171,
HA43750 ,22517437506,Catit ,25.5,46.67," ""0.396""",0.288,
HA44010 ,22517440100,Catit ,17.5,37.14," ""0.186""",0.158,
HA44011 ,22517440117,Catit ,17.5,37.14," ""0.186""",0.158,
HA44012 ,22517440124,Catit ,28.5,58.1," ""0.39""",0.158,
HA44013 ,22517440131,Catit ,28.5,58.1," ""0.39""",0.314,
HA43161W ,22517431610,Catit ,36.5,72.86," ""0.611""",0.392,
HA43162W ,22517431627,Catit ,48,94.29," ""0.585""",0.45,
HA50128 ,22517501283,Catit ,10.5,20.95," ""0.146""",0.126,
HA52008 ,22517520086,Catit ,341,544.76," ""6.995""",5.969,
HA52101 ,22517521014,Catit ,169,296.19," ""6.107""",5.214,
HA52111 ,22517521113,Catit ,235,409.52," ""10.316""",8.725,
HA52112 ,22517521120,Catit ,251,439.05," ""10.316""",8.725,
HA52113 ,22517521137,Catit ,334,568.57," ""13.431""",11.19,
HA52114 ,22517521144,Catit ,213,373.33," ""7.627""",5.887,
HA50044 ,22517500446,Catit ,20,30.48," ""0.095""",0.084,
HA41370 ,22517413708,Catit ,162,280," ""4.191""",3.042,
HA41371 ,22517413715,Catit ,162,280," ""4.191""",3.042,
HA41372 ,22517413722,Catit ,162,280," ""4.191""",3.042,
HA43747W ,22517437476,Catit ,80,140," ""0.878""",0.65,
HA44451 ,20022517444515,Catit ,66,131.43," ""0.65""",0.65,
HA44452 ,20022517444522,Catit ,66,131.43," ""0.65""",0.65,
HA44453 ,20022517444539,Catit ,66,131.43," ""0.65""",0.65,
HA44454 ,20022517444546,Catit ,66,131.43," ""0.666""",0.666,
HA44702 ,20022517447028,Catit ,30,42.86," ""0.63""",0.63,
HA44703 ,20022517447035,Catit ,30,42.86," ""0.63""",0.63,
HA44704 ,20022517447042,Catit ,30,42.86," ""0.63""",0.63,
HA44705 ,20022517447059,Catit ,30,42.86," ""0.622""",0.622,
HA44712 ,20022517447127,Catit ,30,42.86," ""0.62""",0.62,
HA44713 ,20022517447134,Catit ,30,42.86," ""0.63""",0.63,
HA44714 ,20022517447141,Catit ,30,42.86," ""0.626""",0.626,
HA44716 ,20022517447165,Catit ,30,42.86," ""0.624""",0.624,
HA42001 ,22517420010,Catit ,173,260," ""3.059""",2.651,
HA42002 ,22517420027,Catit ,173,260," ""2.873""",2.54,
HA40000W ,22517400005,Catit ,93.5,149.52," ""0.779""",0.619,
HA43010 ,22517430101,Catit ,39,78.1," ""1.033""",0.697,
HA43715 ,22517437155,Catit ,136,218.099," ""1.035""",0.634,
HA43716 ,22517437162,Catit ,136,218.099," ""1.035""",0.634,
HA43717 ,22517437179,Catit ,136,218.099," ""1.035""",0.634,
HA43718 ,22517437186,Catit ,136,218.099," ""1.035""",0.634,
HA43721 ,22517437216,Catit ,17.5,33.33," ""0.047""",0.023,
HA43754 ,22517437544,Catit ,355,568.1," ""1.745""",1.249,
HA43755 ,22517437551,Catit ,28,46.19," ""0.544""",0.458,
HA42003 ,22517420034,Catit ,189.5,284.76," ""2.943""",2.444,
HA43758 ,22517437582,Catit ,281.5,420.95," ""0.305""",0.221,
HA43751 ,22517437513,Catit ,274,438.1," ""1.197""",0.853,
HA43752 ,22517437520,Catit ,306,489.52," ""2.279""",1.78,
HA44771 ,22517447710,Catit ,10.5,20.95," ""0.034""",0.028,
HA44461 ,22517444610,Catit ,56.5,113.33," ""0.516""",0.5,
HA44462 ,22517444627,Catit ,56.5,113.33," ""0.516""",0.5,
HA44463 ,22517444634,Catit ,56.5,113.33," ""0.516""",0.5,
HA44464 ,22517444641,Catit ,56.5,113.33," ""0.516""",0.5,
HA43860 ,22517438602,Catit ,8.5,15.71," ""0.047""",0.031,
HA43861 ,22517438619,Catit ,12.5,22.86," ""0.117""",0.098,
HA43749 ,22517437490,Catit ,14.5,26.67," ""0.096""",0.084,
HA43724 ,22517437247,Catit ,6.5,14.29," ""0.105""",0.085,
HA43875 ,22517438756,Catit ,49.5,84.29," ""0.484""",0.378,
HA43874 ,22517438749,Catit ,30.5,51.9," ""0.281""",0.218,
HA43881 ,22517438817,Catit ,40,76.19," ""0.29""",0.195,
HA41995 ,22517419953,Catit ,78.5,118.1," ""0.61""",0.506,
HA41996 ,22517419960,Catit ,78.5,118.1," ""0.61""",0.506,
HA44833 ,22517448335,Catit ,35,66.67," ""0.123""",0.123,
HA44835 ,22517448359,Catit ,41,78.1," ""0.087""",0.087,
HA40010W ,22517400104,Catit ,101.5,162.38," ""0.779""",0.779,
HA50038 ,22517500385,Catit ,20,40," ""0.095""",0.095,
HA44492EA ,22517444924,Catit ,97,180," ""1.032""",0.8,
HA43738 ,22517437384,Catit ,13,26.19," ""0.089""",null,
HA43720 ,22517437209,Catit ,154.5,247.14," ""1.126""",null,
HA43710 ,22517437100,Catit ,159.5,271.43," ""1.27""",null,
HA43711 ,22517437117,Catit ,159.5,271.43," ""1.27""",null,
HA43712 ,22517437124,Catit ,159.5,271.43," ""1.27""",null,
HA43713 ,22517437131,Catit ,159.5,271.43," ""1.27""",null,
HA43021 ,22517430217,Catit ,50,84.76," ""0.193""",null,
HA43022 ,22517430224,Catit ,50,84.76," ""0.193""",null,
HA43142 ,22517431429,Catit ,143.5,244.29," ""0.926""",null,
HA43032 ,22517430323,Catit ,16.5,28.1," ""0.153""",null,
HA44311 ,22517443118,Catit ,21,37.62," ""0.766""",0.057,
HA50736 ,22517507360,Catit ,60.5,109.05," ""1.108""",null,
HA52115 ,22517521151,Catit ,343,618.1," ""13.875""",null,
HA52116 ,22517521168,Catit ,541,974.29," ""19.95""",null,
HA52117 ,22517521175,Catit ,660,1189.52," ""24""",null,
HA52121 ,22517521212,Catit ,537.5,860," ""15.2""",null,
HA52122 ,22517521229,Catit ,765,1225.71," ""22.4""",null,
ART620306 ,5000239082896,Good Boy ,23.5,47.14," ""0.144""",0.144,
ART620132 ,5000239055494,Good Boy ,13,26.19," ""0.092""",0.08,
ART620135 ,5000239055678,Good Boy ,16,30.95," ""0.096""",0.09,
ART620136 ,5000239055692,Good Boy ,13,26.19," ""0.11""",0.1,
ART620144 ,5000239055883,Good Boy ,8,16.19," ""0.078""",0.065,
ART620145 ,5000239055890,Good Boy ,8,16.19," ""0.072""",0.065,
ART620146 ,5000239055906,Good Boy ,8.5,17.14," ""0.07""",0.065,
ART620571 ,5000239055920,Good Boy ,13.5,27.14," ""0.098""",0.09,
ART620148 ,5000239055937,Good Boy ,16,30.95," ""0.088""",0.08,
ART620157 ,5000239056248,Good Boy ,14,28.1," ""0.108""",0.1,
ART620158 ,5000239056255,Good Boy ,16,30.95," ""0.114""",0.1,
ART620160 ,5000239056279,Good Boy ,37.5,75.24," ""0.37""",0.35,
ART620575 ,5000239056309,Good Boy ,36.5,73.33," ""0.37""",0.32,
ART620165 ,5000239056361,Good Boy ,16,30.95," ""0.09""",0.08,
ART620166 ,5000239056378,Good Boy ,16,30.95," ""0.1""",0.09,
ART620300 ,5000239081585,Good Boy ,13.5,27.14," ""0.15""",0.15,
ART620336 ,5000239084852,Good Boy ,26,47.14," ""0.12""",0.12,
ART620358 ,5000239087273,Good Boy ,26,47.14," ""0.08""",0.08,
ART620307 ,5000239082902,Good Boy ,23.5,47.14," ""0.15""",0.15,
ART620578 ,5000239056422,Good Boy ,10.5,20.95," ""0.084""",0.07,
ART620220 ,5000239057672,Good Boy ,12.5,24.76," ""0.08""",0.07,
ART620222 ,5000239057696,Good Boy ,12.5,24.76," ""0.102""",0.09,
ART620221 ,5000239057689,Good Boy ,14.5,29.05," ""0.122""",0.108,
ART620225 ,5000239057726,Good Boy ,12.5,24.76," ""0.092""",0.09,
ART620224 ,5000239057719,Good Boy ,12.5,24.76," ""0.102""",0.09,
ART620229 ,5000239057795,Good Boy ,14.5,29.05," ""0.094""",0.08,
ART620230 ,5000239057863,Good Boy ,14.5,29.05," ""0.146""",0.126,
ART620231 ,5000239057870,Good Boy ,17.5,35.24," ""0.194""",0.18,
ART620223 ,5000239057702,Good Boy ,37,74.29," ""0.34""",0.32,
ART620549 ,5000239052202,Good Boy ,8,16.19," ""0.077""",0.06,
ART620052 ,5000239052226,Good Boy ,8,16.19," ""0.08""",0.06,
ART620053 ,5000239052264,Good Boy ,8,16.19," ""0.076""",0.06,
ART620161 ,5000239056286,Good Boy ,37.5,75.24," ""0.368""",0.35,
ART620174 ,5000239056538,Good Boy ,36.5,73.33," ""0.34""",0.32,
ART620178 ,5000239056606,Good Boy ,36.5,73.33," ""0.338""",0.32,
ARDELIGFTBOX ,4048422161561,Good Boy ,21,41.9," ""0.22""",0.195,
ARCHEWGFTBOX ,4048422161578,Good Boy ,37,73.33," ""0.206""",0.19,
ARCRUNGFTBOX ,4048422161592,Good Boy ,20.5,41.43," ""0.233""",0.18,
AR05228 ,5000239052288,Good Boy ,8,16.19," ""0.069""",0.06,
ARVALGFTBOX ,9999918486963,Good Boy ,36.5,72.86," ""0.36""",0.315,
ART620167 ,5000239056385,Good Boy ,36.5,73.33," ""0.33""",0.32,
ART620106 ,5000239054008,Good Boy ,17,30.95," ""0.07""",0.06,
ART620107 ,5000239054015,Good Boy ,14.5,26.19," ""0.09""",0.08,
ART620110 ,5000239054053,Good Boy ,21,38.1," ""0.09""",0.085,
ART621113 ,4048422164838,Good Boy ,7,14.29," ""0.062""",0.054,
ART621114 ,4048422164869,Good Boy ,7,14.29," ""0.062""",0.054,
ART621111 ,4048422164777,Good Boy ,7,14.29," ""0.062""",0.054,
ART621112 ,4048422164807,Good Boy ,7,14.29," ""0.062""",0.054,
HO63350 ,4011444633507,Hobby ,24,43.33," ""0.029""",0.023,
HO63340 ,4011444633408,Hobby ,17.5,35.24," ""0.023""",0.016,
HO63330 ,4011444633309,Hobby ,11.5,24.29," ""0.013""",0.007,
HO63310 ,4011444633101,Hobby ,7,14.29," ""0.011""",0.005,
HO63201 ,4011444632012,Hobby ,4.5,9.05," ""0.01""",0.004,
HO63021 ,4011444630216,Hobby ,4.5,9.05," ""0.025""",0.025,
HO63001 ,4011444630018,Hobby ,4.5,9.05," ""0.008""",0.002,
HO62751 ,4011444627513,Hobby ,6,12.38," ""0.008""",0.002,
HO62701 ,4011444627018,Hobby ,4.5,9.05," ""0.007""",0.001,
HO62601 ,4011444626011,Hobby ,5,10," ""0.007""",0.001,
HO62501 ,4011444625014,Hobby ,4.5,9.05," ""0.007""",0.001,
HO62401 ,4011444624017,Hobby ,4.5,9.05," ""0.006""",0.001,
HO62201 ,4011444622013,Hobby ,5,10," ""0.011""",0.004,
HO62101 ,4011444621016,Hobby ,5,10," ""0.008""",0.002,
HO61951 ,4011444619518,Hobby ,6.5,13.33," ""0.015""",0.008,
HO61851 ,4011444618511,Hobby ,6.5,13.33," ""0.01""",0.004,
HO61801 ,4011444618016,Hobby ,5,10," ""0.008""",0.002,
HO61751 ,4011444617514,Hobby ,6,12.38," ""0.009""",0.003,
HO61701 ,4011444617019,Hobby ,7.5,15.24," ""0.021""",0.012,
HO21600 ,4011444216007,Hobby ,11,21.43," ""0.219""",0.213,
HO30110 ,4011444301109,Hobby ,22,40," ""0.032""",0.011,
HO21700 ,4011444217004,Hobby ,59.5,98.1," ""0.306""",0.239,
HO21430 ,4011444214300,Hobby ,110,176.19," ""0.092""",0.086,
HO21900 ,4011444219008,Hobby ,154,246.19," ""1.146""",0.973,
HO21630 ,4011444216304,Hobby ,33,51.9," ""0.097""",0.074,
HO20040 ,4011444200402,Hobby ,42.5,70.95," ""0.757""",0.71,
HO20999 ,4011444209993,Hobby ,21.5,38.1," ""0.545""",0.505,
HO10665 ,4011444106650,Hobby ,15.5,29.05," ""0.012""",0.005,
HO10656 ,4011444106568,Hobby ,10.5,21.43," ""0.009""",0.003,
HO20700 ,4011444207005,Hobby ,33,61.43," ""1.094""",1,
HO20600 ,4011444206008,Hobby ,13,26.19," ""0.382""",0.344,
HO20610 ,4011444206107,Hobby ,27.5,54.76," ""0.582""",0.544,
HO20200 ,4011444202000,Hobby ,14,29.52," ""0.26""",0.249,
HO20100 ,4011444201003,Hobby ,6.5,15.71," ""0.109""",0.103,
HO20070 ,4011444200709,Hobby ,13,24.29," ""0.527""",0.5,
HO20000 ,4011444200006,Hobby ,19.5,39.05," ""0.657""",0.616,
HO10610 ,4011444106100,Hobby ,6,11.9," ""0.008""",0.002,
HO10600 ,4011444106001,Hobby ,69.5,117.62," ""0.239""",0.161,
HO00980 ,4011444009807,Hobby ,22.5,45.24," ""0.039""",0.031,
HO00970 ,4011444009708,Hobby ,25,40," ""0.512""",0.478,
HO37240 ,4011444372406,Hobby ,260,450," ""4""",4,
HO00960 ,4011444009609,Hobby ,71.5,132.38," ""0.099""",0.088,
HO36200 ,4011444362001,Hobby ,18.5,32.86," ""0.018""",0.011,
HO00950 ,4011444009500,Hobby ,18.5,37.14," ""0.041""",0.025,
HO37255 ,4011444372550,Hobby ,26,45.24," ""0.01""",0.01,
HO00900 ,4011444009005,Hobby ,12.5,25.24," ""0.022""",0.016,
HO37250 ,4011444372505,Hobby ,135,230.95," ""0.746""",0.694,
HO00870 ,4011444008701,Hobby ,20.5,39.05," ""0.051""",0.035,
HO00860 ,4011444008602,Hobby ,18,36.19," ""0.038""",0.024,
HO00461 ,4011444004611,Hobby ,9,18.1," ""0.108""",0.095,
HO00800 ,4011444008008,Hobby ,23,45.71," ""0.129""",0.101,
HO00710 ,4011444007100,Hobby ,16,32.38," ""0.067""",0.054,
HO36319 ,4011444363190,Hobby ,560,899.52," ""4.011""",2.736,
HO00601 ,4011444006011,Hobby ,14,28.1," ""0.024""",0.018,
HO41493 ,4011444414939,Hobby ,84.5,147.14," ""1.12""",0.98,
HO00501 ,4011444005014,Hobby ,8,16.19," ""0.015""",0.009,
HO41492 ,4011444414922,Hobby ,67.5,118.1," ""0.642""",0.554,
HO41491 ,4011444414915,Hobby ,37,64.76," ""0.246""",0.203,
HO36267 ,4011444362674,Hobby ,131.5,225.71," ""1.326""",1.166,
HO36261 ,4011444362612,Hobby ,38,68.1," ""0.33""",0.291,
HO00421 ,4011444004215,Hobby ,6,12.38," ""0.038""",0.031,
HO36260 ,4011444362605,Hobby ,18,32.38," ""0.17""",0.151,
HO00411 ,4011444004116,Hobby ,5,10," ""0.024""",0.018,
HO00401 ,4011444004017,Hobby ,7,14.29," ""0.018""",0.012,
HO36288 ,4011444362889,Hobby ,110,176.19," ""1.517""",1.402,
HO00301 ,4011444003010,Hobby ,8,16.19," ""0.059""",0.053,
HO36320-2 ,9999990002907,Hobby ,308.5,460.95," ""0.407""",0.407,
HO00201 ,4011444002013,Hobby ,7,14.29," ""0.026""",0.02,
HO36283 ,4011444362834,Hobby ,63,102.86," ""0.638""",0.582,
HO00101 ,4011444001016,Hobby ,9,18.1," ""0.03""",0.002,
HO36278 ,4011444362780,Hobby ,32,56.67," ""0.288""",0.258,
HO51115 ,4011444511157,Hobby ,18.5,32.86," ""0.022""",0.015,
HO51110 ,4011444511102,Hobby ,30,54.76," ""0.034""",0.021,
HO36273 ,4011444362735,Hobby ,16.5,29.05," ""0.094""",0.079,
HO51105 ,4011444511058,Hobby ,33,61.43," ""0.074""",0.026,
HO51100 ,4011444511003,Hobby ,22,39.05," ""0.043""",0.016,
HO00670 ,4011444006707,Hobby ,137.5,231.43," ""0.334""",0.278,
HO36298 ,4011444362988,Hobby ,123,214.76," ""0.294""",0.277,
HO00660 ,4011444006608,Hobby ,119,198.57," ""0.302""",0.256,
HO36297 ,4011444362971,Hobby ,34,64.76," ""0.075""",0.044,
HO36325 ,4011444363251,Hobby ,21.5,33.81," ""0.445""",0.427,
HO36320 ,4011444363206,Hobby ,21.5,33.81," ""0.476""",0.458,
HO12035 ,4011444120359,Hobby ,28.5,47.62," ""0.091""",0.085,
HO12010 ,4011444120106,Hobby ,15,25.71," ""0.42""",0.048,
HO36294 ,4011444362940,Hobby ,217.5,349.52," ""2.971""",2.67,
HO36292 ,4011444362926,Hobby ,133.5,209.52," ""1.561""",1.553,
HO36290 ,4011444362902,Hobby ,46,74.29," ""0.498""",0.441,
HO36289 ,4011444362896,Hobby ,110,176.19," ""1.515""",1.4,
HO36287 ,4011444362872,Hobby ,110,176.19," ""1.515""",1.4,
HO36285 ,4011444362858,Hobby ,110,176.19," ""1.431""",1.316,
HO36284 ,4011444362841,Hobby ,63,102.86," ""0.638""",0.582,
HO36282 ,4011444362827,Hobby ,63,102.86," ""0.683""",0.627,
HO36311 ,4011444363114,Hobby ,46,92.38," ""0.226""",0.199,
HO36280 ,4011444362803,Hobby ,63,102.86," ""0.641""",0.585,
HO36310 ,4011444363107,Hobby ,38,79.52," ""0.117""",0.097,
HO36279 ,4011444362797,Hobby ,32,56.67," ""0.274""",0.245,
HO36309 ,4011444363091,Hobby ,38,79.52," ""0.121""",0.101,
HO36277 ,4011444362773,Hobby ,32,56.67," ""0.3""",0.271,
HO36275 ,4011444362759,Hobby ,32,56.67," ""0.281""",0.252,
HO36274 ,4011444362742,Hobby ,16.5,29.05," ""0.097""",0.082,
HO36272 ,4011444362728,Hobby ,16.5,29.05," ""0.106""",0.104,
HO36270 ,4011444362704,Hobby ,16.5,29.05," ""0.097""",0.082,
HO36269 ,4011444362698,Hobby ,39,74.76," ""0.428""",0.375,
HO36264 ,4011444362643,Hobby ,19.5,39.05," ""0.142""",0.122,
HO36263 ,4011444362636,Hobby ,14.5,28.1," ""0.062""",0.05,
HO60198 ,4011444601988,Hobby ,10.5,20," ""0.01""",0.005,
HO60200 ,4011444602008,Hobby ,7,14.29," ""0.019""",0.011,
HO60500 ,4011444605009,Hobby ,9,18.1," ""0.01""",0.001,
HO70360 ,4011444703606,Hobby ,11.5,21.9," ""0.114""",0.114,
HO36150 ,4011444361509,Hobby ,30,49.52," ""0.111""",0.09,
HO51574 ,4011444515742,Hobby ,16.5,32.86," ""0.069""",0.046,
HO36329 ,4011444363299,Hobby ,35,63.33," ""0.5""",0.5,
HO37560 ,4011444375605,Hobby ,25.5,51.43," ""0.077""",0.032,
HO37584 ,4011444375841,Hobby ,48.5,96.67," ""0.141""",0.058,
HO36251 ,4011444362513,Hobby ,52.5,88.57," ""0.05""",0.04,
HO37319 ,4011444373199,Hobby ,187,329.52," ""0.181""",0.076,
HO10894 ,4011444108944,Hobby ,195,315.24," ""0.38""",0.38,
HO31022 ,4011444310224,Hobby ,26.5,40.95," ""0.087""",0.051,
HO31021 ,4011444310217,Hobby ,22,34.29," ""0.078""",0.043,
HO31032 ,4011444310323,Hobby ,26.5,40.95," ""0.086""",0.05,
HO37337 ,4011444373373,Hobby ,97,160," ""4""",4,
HO31031 ,4011444310316,Hobby ,22,34.29," ""0.077""",0.042,
HO41562 ,4011444415622,Hobby ,59,101.43," ""0.398""",0.398,
HO37316 ,4011444373168,Hobby ,203,354.29," ""0.231""",0.114,
HO37318 ,4011444373182,Hobby ,194.5,343.33," ""0.231""",0.114,
HO40226 ,4011444402264,Hobby ,205,330," ""4""",4,
HO40223 ,4011444402233,Hobby ,205,330," ""1.5""",1.5,
HO36250 ,4011444362506,Hobby ,18.5,32.86," ""0.025""",0.009,
HO51567 ,9999990002945,Hobby ,25.5,51.43," ""4""",4,
HO10892 ,4011444108920,Hobby ,405,570," ""1.06""",1.06,
HO37085 ,4011444370853,Hobby ,101,181.9," ""0.127""",0.101,
HO37070 ,4011444370709,Hobby ,76.5,124.29," ""0.907""",0.754,
HO37068 ,4011444370686,Hobby ,64,104.76," ""0.536""",0.436,
HO40119 ,4011444401199,Hobby ,62.5,111.43," ""0.631""",0.513,
HO40118 ,4011444401182,Hobby ,54.5,97.14," ""0.445""",0.371,
HO51586 ,4011444515865,Hobby ,21.5,42.86," ""0.106""",0.077,
HO10930 ,4011444109309,Hobby ,121,191.43," ""0.37""",0.336,
HO51585 ,4011444515858,Hobby ,17,34.29," ""0.076""",0.052,
HO10925 ,4011444109255,Hobby ,90.5,143.81," ""0.271""",0.238,
HO51584 ,4011444515841,Hobby ,14,28.1," ""0.047""",0.032,
HO36155 ,4011444361554,Hobby ,59,114.29," ""0.202""",0.166,
HO51566 ,4011444515667,Hobby ,22,43.81," ""0.102""",0.073,
HO51579 ,4011444515797,Hobby ,33.5,66.19," ""0.162""",0.108,
HO51578 ,4011444515780,Hobby ,22,43.81," ""0.103""",0.073,
HO37062 ,4011444370624,Hobby ,28,48.57," ""4""",4,
HO51577 ,4011444515773,Hobby ,15.5,31.43," ""0.07""",0.048,
HO37060 ,4011444370600,Hobby ,19,30.95," ""0.114""",0.102,
HO51560 ,4011444515605,Hobby ,16.5,32.86," ""0.078""",0.053,
HO37393 ,4011444373939,Hobby ,63,110.95," ""4""",4,
HO51559 ,4011444515599,Hobby ,13.5,27.14," ""0.062""",0.042,
HO37392 ,4011444373922,Hobby ,48,83.81," ""4""",4,
HO37391 ,4011444373915,Hobby ,40,70.95," ""4""",4,
HO41542 ,4011444415424,Hobby ,17,34.29," ""0.062""",0.06,
HO37390 ,4011444373908,Hobby ,27,48.1," ""0.3""",0.3,
HO41498 ,4011444414984,Hobby ,33,57.62," ""0.369""",0.183,
HO41497 ,4011444414977,Hobby ,28,50," ""0.093""",0.091,
HO41496 ,4011444414960,Hobby ,28,51.43," ""0.329""",0.328,
HO41495 ,4011444414953,Hobby ,22.5,40.95," ""0.105""",0.102,
HO41494 ,4011444414946,Hobby ,15,27.14," ""0.055""",0.053,
HO40160 ,4011444401601,Hobby ,115,188.57," ""20""",20,
HO41483 ,4011444414830,Hobby ,73.5,119.05," ""0.836""",0.835,
HO41481 ,4011444414816,Hobby ,31.5,53.81," ""0.241""",0.178,
HO37335 ,4011444373359,Hobby ,112.5,182.86," ""0.133""",0.103,
HO37333 ,4011444373335,Hobby ,101.5,166.19," ""0.137""",0.107,
HO41478 ,4011444414786,Hobby ,46,80," ""0.394""",0.318,
HO41476 ,4011444414762,Hobby ,163.5,304.29," ""1.822""",1.419,
HO40164 ,4011444401649,Hobby ,64,110," ""1.2""",1.2,
HO41464 ,4011444414649,Hobby ,84,149.52," ""0.656""",0.573,
HO41462 ,4011444414625,Hobby ,27.5,49.52," ""0.204""",0.2,
HO40114 ,4011444401144,Hobby ,83,139.05," ""0.91""",0.669,
HO40113 ,4011444401137,Hobby ,60.5,105.24," ""0.494""",0.493,
HO40220 ,4011444402202,Hobby ,21.5,36.19," ""0.116""",0.113,
HO40112 ,4011444401120,Hobby ,25,41.43," ""0.255""",0.2,
HO40215 ,4011444402158,Hobby ,15,25.71," ""0.153""",0.15,
HO40210 ,4011444402103,Hobby ,11,20," ""0.097""",0.094,
HO40208 ,4011444402080,Hobby ,69,118.1," ""0.905""",0.783,
HO36258 ,4011444362582,Hobby ,131,212.38," ""1.27""",1.177,
HO40207 ,4011444402073,Hobby ,40,67.14," ""0.476""",0.415,
HO37013 ,4011444370136,Hobby ,43,71.43," ""0.158""",0.13,
HO37011 ,4011444370112,Hobby ,21.5,36.19," ""0.076""",0.058,
HO37017 ,4011444370174,Hobby ,43,71.43," ""0.134""",0.106,
HO37016 ,4011444370167,Hobby ,21.5,36.19," ""0.077""",0.058,
HO37015 ,4011444370150,Hobby ,43,71.43," ""0.145""",0.119,
HO37014 ,4011444370143,Hobby ,21.5,36.19," ""0.082""",0.064,
HO34095 ,4011444340955,Hobby ,26.5,43.81," ""0.089""",0.073,
HO41544 ,4011444415448,Hobby ,25,50," ""0.12""",0.118,
HO41540 ,4011444415400,Hobby ,11,21.9," ""0.037""",0.035,
HO41534 ,4011444415349,Hobby ,17,34.29," ""0.085""",0.069,
HO41530 ,4011444415301,Hobby ,17,34.29," ""0.067""",0.051,
HO41520 ,4011444415202,Hobby ,20.5,40.95," ""0.146""",0.1,
HO41516 ,4011444415165,Hobby ,16.5,33.33," ""0.105""",0.076,
HO41518 ,4011444415189,Hobby ,20,40," ""0.108""",0.071,
HO41514 ,4011444415141,Hobby ,12,24.29," ""0.074""",0.05,
HO41512 ,4011444415127,Hobby ,20,40," ""0.138""",0.092,
HO41511 ,4011444415110,Hobby ,13.5,27.14," ""0.074""",0.052,
HO41510 ,4011444415103,Hobby ,10.5,21.43," ""0.063""",0.041,
HO41509 ,4011444415097,Hobby ,26.5,53.33," ""0.16""",0.105,
HO41508 ,4011444415080,Hobby ,20,40," ""0.116""",0.07,
HO41507 ,4011444415073,Hobby ,13.5,27.14," ""0.069""",0.043,
HO41506 ,4011444415066,Hobby ,19,38.1," ""0.104""",0.067,
HO41504 ,4011444415042,Hobby ,13.5,27.14," ""0.073""",0.051,
HO41502 ,4011444415028,Hobby ,13.5,27.14," ""0.076""",0.05,
HO41500 ,4011444415004,Hobby ,12,24.29," ""0.078""",0.054,
HO40200 ,4011444402004,Hobby ,15.5,25.24," ""3.464""",3.449,
HO40150 ,4011444401502,Hobby ,56,86.67," ""8.06""",8,
HO40100 ,4011444401007,Hobby ,17,28.57," ""2.087""",2.074,
HO40542 ,4011444405425,Hobby ,32.5,47.14," ""0.87""",0.869,
HO35020 ,4011444350206,Hobby ,45,75.71," ""0.949""",0.948,
HO40541 ,4011444405418,Hobby ,22,36.19," ""0.305""",0.303,
HO34127 ,4011444341273,Hobby ,82.5,133.81," ""1.606""",1.605,
HO34126 ,4011444341266,Hobby ,47,77.62," ""0.692""",0.691,
HO34050 ,4011444340504,Hobby ,11,21.9," ""0.674""",0.67,
HO31106 ,4011444311061,Hobby ,235, null ," ""0.038""",0.038,
HO34084 ,4011444340849,Hobby ,44,75.24," ""5.015""",5,
HO33060 ,4011444330604,Hobby ,23,39.05," ""1.042""",1.019,
HO65202 ,4011444652027,Hobby ,27.5,42.86," ""0.068""",0.055,
HO65170 ,4011444651709,Hobby ,319, null ," ""0.192""",0.192,
HO34040 ,4011444340405,Hobby ,20.5,34.76," ""2.445""",2.422,
HO33040 ,4011444330406,Hobby ,23,39.05," ""1.152""",1.137,
HO64950 ,4011444649508,Hobby ,262, null ," ""0.023""",0.023,
HO63820 ,4011444638205,Hobby ,7,14.29," ""4""",4,
HO63810 ,4011444638106,Hobby ,5,10," ""4""",4,
HO63701 ,4011444637017,Hobby ,10,20," ""0.015""",0.015,
HO63610 ,4011444636102,Hobby ,8.5,17.14," ""0.009""",0.003,
HO36301 ,4011444363015,Hobby ,27,43.33," ""0.088""",0.066,
HO60714 ,4011444607140,Hobby ,15,30," ""0.091""",0.061,
HO60710 ,4011444607102,Hobby ,8,16.19," ""0.027""",0.017,
HO60716 ,4011444607164,Hobby ,25,50," ""0.153""",0.114,
HO60712 ,4011444607126,Hobby ,9.5,19.05," ""0.048""",0.032,
HO40177 ,4011444401779,Hobby ,51,86.19," ""0.693""",0.693,
HO40176 ,4011444401762,Hobby ,40.5,69.52," ""0.482""",0.482,
HO40653 ,4011444406538,Hobby ,58,90," ""3.682""",3.68,
HO40652 ,4011444406521,Hobby ,38,58.57," ""2.844""",2.842,
HO40651 ,4011444406514,Hobby ,24,37.62," ""1.524""",1.522,
HO37006 ,4011444370068,Hobby ,34,56.67," ""0.625""",0.521,
HO37005 ,4011444370051,Hobby ,34,56.67," ""0.225""",0.178,
HO37004 ,4011444370044,Hobby ,27.5,45.71," ""0.204""",0.15,
HO35025 ,4011444350251,Hobby ,52,93.33," ""0.229""",0.171,
HO37095 ,4011444370952,Hobby ,112.5,203.81," ""4""",4,
HO37090 ,4011444370907,Hobby ,109.5,194.29," ""0.188""",0.148,
HO37080 ,4011444370808,Hobby ,96,172.86," ""0.123""",0.097,
HO37582 ,4011444375827,Hobby ,36,72.38," ""0.117""",0.057,
HO37246 ,4011444372468,Hobby ,82,140," ""0.117""",0.096,
HO35026 ,4011444350268,Hobby ,66,118.1," ""0.467""",0.358,
HO37580 ,4011444375803,Hobby ,29,58.1," ""0.084""",0.043,
HO35027 ,4011444350275,Hobby ,148.5,264.29," ""1.22""",0.991,
HO51533 ,4011444515339,Hobby ,17,32.86," ""0.049""",0.047,
HO51534 ,4011444515346,Hobby ,26,49.52," ""0.124""",0.122,
HO51535 ,4011444515353,Hobby ,26,49.52," ""0.113""",0.111,
HO51537 ,4011444515377,Hobby ,26,49.52," ""0.12""",0.118,
HO51576 ,4011444515759,Hobby ,45,84.76," ""0.11""",0.084,
HO41505 ,4011444415059,Hobby ,45,84.76," ""0.192""",0.18,
HO41517 ,4011444415172,Hobby ,45,84.76," ""0.263""",0.235,
HO37595 ,4011444375957,Hobby ,43,85.71," ""0.059""",0.043,
HO11870 ,4011444118707,Hobby ,61.5,105.71," ""0.385""",0.279,
HO34170 ,4011444341709,Hobby ,23,38.57," ""0.106""",0.1,
HO34174 ,4011444341747,Hobby ,19.5,32.86," ""0.106""",0.1,
HO36156 ,4011444361561,Hobby ,59,114.29," ""0.2""",0.2,
HO36222 ,4011444362223,Hobby ,40.5,66.67," ""0.028""",0.017,
HO36338 ,4011444363381,Hobby ,26.5,45.24," ""0.249""",0.196,
HO36339 ,4011444363398,Hobby ,36.5,62.38," ""0.412""",0.341,
HO37249 ,4011444372499,Hobby ,214.5,362.86," ""0.37""",0.179,
HO37293 ,4011444372932,Hobby ,548,933.33," ""3.171""",2.613,
HO37313 ,4011444373137,Hobby ,100,178.57," ""0.288""",0.213,
HO37562 ,4011444375629,Hobby ,26,52.38," ""0.107""",0.043,
HO37564 ,4011444375643,Hobby ,28,56.19," ""0.131""",0.057,
HO37566 ,4011444375667,Hobby ,29.5,59.05," ""0.131""",0.057,
HO40400 ,4011444404008,Hobby ,116,187.14," ""8.869""",8.048,
HO40510 ,4011444405104,Hobby ,213.5,347.14," ""16.72""",16,
HO61500 ,4011444615008,Hobby ,33,60," ""0.125""",0.109,
HO61650 ,4011444616500,Hobby ,53,96.19," ""0.345""",0.328,
HO64902 ,4011444649027,Hobby ,9.5,19.05," ""0.076""",0.063,
HO38072 ,4011444380722,Hobby ,28,44.76," ""0.261""",0.257,
HO61665 ,4011444616654,Hobby ,41.5,66.67," ""0.217""",0.168,
HO36342 ,4011444363428,Hobby ,48,87.62," ""0.462""",0.374,
HO37001 ,4011444370013,Hobby ,60,108.57," ""0.432""",0.416,
HO40840 ,4011444408402,Hobby ,67.5,121.9," ""0.546""",0.477,
HO40842 ,4011444408426,Hobby ,80,141.9," ""0.733""",0.663,
HO34068 ,4011444340689,Hobby ,45,75.24," ""5.015""",5,
HO34073 ,4011444340733,Hobby ,45,75.24," ""5.015""",5,
HO34052 ,4011444340528,Hobby ,14.5,26.67," ""0.649""",0.644,
HO33090 ,4011444330901,Hobby ,15,26.19," ""1.696""",1.673,
HO34020 ,4011444340207,Hobby ,17.5,30," ""0.974""",0.951,
HO33050 ,4011444330505,Hobby ,15,26.19," ""1.355""",1.332,
HO33200 ,4011444332004,Hobby ,27,44.76," ""5.015""",5,
HO33204 ,4011444332042,Hobby ,27,44.76," ""5.015""",5,
HO34063 ,4011444340634,Hobby ,45,75.24," ""5.015""",5,
HO37058 ,4011444370587,Hobby ,86,152.86," ""0.51""",0.432,
HO12000 ,4011444120007,Hobby ,10.5,18.1," ""0.033""",0.027,
HO12025 ,4011444120250,Hobby ,24.5,41.43," ""0.082""",0.076,
HO37059 ,4011444370594,Hobby ,97.5,158.1," ""0.595""",0.486,
HO37066 ,4011444370662,Hobby ,40.5,69.52," ""0.064""",0.02,
HO37067 ,4011444370679,Hobby ,48.5,82.86," ""0.105""",0.029,
HO37018 ,4011444370181,Hobby ,26,44.29," ""0.14""",0.121,
HO37019 ,4011444370198,Hobby ,42.5,69.05," ""0.291""",0.29,
HO37020 ,4011444370204,Hobby ,63,102.38," ""0.324""",0.321,
HO36999 ,4011444369994,Hobby ,38.5,62.38," ""0.114""",0.11,
HO37000 ,4011444370006,Hobby ,68.5,111.43," ""0.443""",0.43,
HO32068 ,4011444320681,Hobby ,74,119.52," ""0.42""",0.28,
HO32069 ,4011444320698,Hobby ,117,190," ""0.738""",0.468,
HO20300 ,4011444203007,Hobby ,24.5,44.29," ""0.519""",0.505,
HO20400 ,4011444204004,Hobby ,46,83.33," ""1.033""",1,
HO60720 ,4011444607201,Hobby ,6.5,11.43," ""0.039""",0.039,
HO60721 ,4011444607218,Hobby ,7.5,13.33," ""0.049""",0.049,
HO60722 ,4011444607225,Hobby ,13,22.86," ""0.093""",0.093,
HO60723 ,4011444607232,Hobby ,14.5,25.71," ""0.103""",0.103,
HO61200 ,4011444612007,Hobby ,15,26.67," ""0.041""",0.041,
HO31204 ,4011444312044,Hobby ,52.5,90," ""0.17""",0.17,
HO60614 ,4011444606143,Hobby ,26.5,47.62," ""0.026""",0.026,
HO60616 ,4011444606167,Hobby ,19,34.29," ""0.066""",0.066,
HO10810 ,4011444108104,Hobby ,130,235.24," ""0.334""",0.334,
HO36223 ,4011444362230,Hobby ,75,128.57," ""0.038""",0.038,
HO37124 ,4011444371249,Hobby ,149.5,257.14," ""0.241""",0.241,
HO37125 ,4011444371256,Hobby ,161,277.14," ""0.286""",0.286,
HO37126 ,4011444371263,Hobby ,170.5,293.33," ""0.347""",0.347,
HO37127 ,4011444371270,Hobby ,179,308.1," ""0.414""",0.414,
HO37602 ,4011444376022,Hobby ,134.5,231.43," ""0.063""",0.063,
HO41739 ,4011444417398,Hobby ,20.5,35.24," ""0.125""",0.103,
HO41740 ,4011444417404,Hobby ,27.5,47.14," ""0.226""",0.19,
HO41741 ,4011444417411,Hobby ,55,94.29," ""0.7""",0.605,
HO40191 ,4011444401915,Hobby ,20,34.29," ""0.145""",0.113,
HO40192 ,4011444401922,Hobby ,14.5,24.76," ""0.095""",0.072,
HO40193 ,4011444401939,Hobby ,13.5,23.33," ""0.053""",0.051,
HO40194 ,4011444401946,Hobby ,21,35.71," ""0.14""",0.112,
HO40195 ,4011444401953,Hobby ,17.5,30," ""0.1""",0.077,
HO40196 ,4011444401960,Hobby ,61,104.29," ""0.754""",0.754,
HO40197 ,4011444401977,Hobby ,31,52.86," ""0.215""",0.17,
HO40198 ,4011444401984,Hobby ,46,78.57," ""0.41""",0.341,
HO61670 ,4011444616708,Hobby ,78,133.33," ""0.1""",0.087,
HO37588 ,4011444375889,Hobby ,94,160.95," ""0.311""",0.311,
HO37348 ,4011444373489,Hobby ,21,35.71," ""0.023""",0.01,
HO37540 ,4011444375407,Hobby ,27,46.19," ""0.089""",0.078,
HO37542 ,4011444375421,Hobby ,34.5,59.05," ""0.11""",0.11,
HO37544 ,4011444375445,Hobby ,42,71.43," ""0.139""",0.139,
HO37546 ,4011444375469,Hobby ,44,75.24," ""0.142""",0.142,
HO61350 ,4011444613509,Hobby ,24.5,41.9," ""null""",null,
HO63825 ,4011444638250,Hobby ,16.5,28.1," ""null""",null,
RO235130 ,3182550825351,Royal Canin ,84.5,132.38," ""2.04""",2,
RO235990 ,3182550704533,Royal Canin ,151,228.57," ""4.08""",4,
RO235020 ,3182550756440,Royal Canin ,162,245.71," ""4.08""",4,
RO236010 ,3182550702621,Royal Canin ,310,465.24," ""10.16""",10,
RO235960 ,3182550702614,Royal Canin ,87.5,132.38," ""2.04""",2,
RO251880 ,3182550721219,Royal Canin ,93.5,141.43," ""2.04""",2,
RO236240 ,3182550710688,Royal Canin ,87.5,132.38," ""2.04""",2,
RO234800 ,3182550710640,Royal Canin ,87.5,132.38," ""2.04""",2,
RO241970 ,3182550721417,Royal Canin ,140.5,211.43," ""4.08""",4,
RO313140 ,3182550721752,Royal Canin ,307.5,463.33," ""10.16""",10,
RO241730 ,3182550721745,Royal Canin ,148.5,222.86," ""4.08""",4,
RO313260 ,3182550721400,Royal Canin ,81,122.86," ""2.04""",2,
RO313120 ,3182550721738,Royal Canin ,85,127.62," ""2.04""",2,
RO230290 ,3182550721660,Royal Canin ,315.5,475.24," ""10.16""",10,
RO229670 ,3182550784412,Royal Canin ,121,183.33," ""4.111""",3.5,
RO229800 ,3182550739382,Royal Canin ,85,127.62," ""2.426""",2,
RO229740 ,3182550832076,Royal Canin ,88,132.86," ""2.426""",2,
RO237190 ,9003579310182,Royal Canin ,63,91.9," ""1.164""",1.02,
RO306600 ,3182550805186,Royal Canin ,88.5,133.81," ""2.04""",2,
RO226860 ,9003579311295,Royal Canin ,63,91.9," ""1.164""",1.02,
RO307720 ,9003579019993,Royal Canin ,177,245.71," ""2.952""",2.34,
RO229130 ,3182550706933,Royal Canin ,142,213.81," ""4.611""",4,
RO314200 ,3182550702447,Royal Canin ,139.5,210," ""4.052""",4,
RO230600 ,3182550717144,Royal Canin ,148,223.81," ""4.611""",4,
RO226990 ,3182550786218,Royal Canin ,93.5,141.43," ""2.426""",2,
RO310480 ,9003579309568,Royal Canin ,63,91.9," ""1.164""",1.02,
RO228180 ,3182550702225,Royal Canin ,129.5,195.24," ""4.611""",4,
RO237270 ,9003579310175,Royal Canin ,63,91.9," ""1.164""",1.02,
RO227210 ,3182550737593,Royal Canin ,85,127.62," ""2.426""",2,
RO229660 ,3182550784399,Royal Canin ,63.5,95.71," ""1.926""",1.5,
RO310520 ,9003579308721,Royal Canin ,63,91.9," ""1.164""",1.02,
RO226850 ,9003579308738,Royal Canin ,63,91.9," ""1.164""",1.02,
RO282160 ,9003579308707,Royal Canin ,63,91.9," ""1.164""",1.02,
RO307550 ,9003579308745,Royal Canin ,63,91.9," ""1.164""",1.02,
RO228440 ,3182550702317,Royal Canin ,85,129.52," ""2.426""",2,
RO230330 ,3182550717137,Royal Canin ,85,127.62," ""2.426""",2,
RO229150 ,3182550706940,Royal Canin ,302.5,455.24," ""10.16""",10,
RO229110 ,3182550704625,Royal Canin ,81,122.86," ""2.426""",2,
RO229080 ,3182550704618,Royal Canin ,21,33.33," ""0.516""",0.4,
RO228190 ,3182550702249,Royal Canin ,271.5,408.57," ""10.16""",10,
RO228170 ,3182550702201,Royal Canin ,74,111.43," ""2.426""",2,
RO228140 ,3182550702157,Royal Canin ,20,33.33," ""0.516""",0.4,
RO306360 ,3182550702973,Royal Canin ,302.5,454.76," ""10.16""",10,
RO306300 ,3182550702423,Royal Canin ,80,120," ""2.04""",2,
RO306220 ,3182550702379,Royal Canin ,21,34.29," ""0.415""",0.4,
RO306480 ,3182550707312,Royal Canin ,83,126.19," ""2.04""",2,
RO306380 ,3182550707305,Royal Canin ,22.5,35.71," ""0.415""",0.4,
RO273630 ,3182550710862,Royal Canin ,102.5,154.29," ""0.31""",0.3,
RO279380 ,3182550837958,Royal Canin ,299,419.52," ""15.27""",15,
RO251770 ,3182550727389,Royal Canin ,59,89.52," ""1.531""",1.5,
RO306190 ,3182550838351,Royal Canin ,64,96.67," ""1.555""",1.5,
RO250610 ,3182550803113,Royal Canin ,305.5,455.71," ""15.27""",15,
RO250820 ,3182550802734,Royal Canin ,85,128.57," ""3.07""",3,
RO251080 ,3182550793575,Royal Canin ,58.5,91.43," ""1.555""",1.5,
RO250780 ,3182550774550,Royal Canin ,193,291.43," ""10.16""",10,
RO306730 ,3182550778657,Royal Canin ,51,76.67," ""1.02""",1,
RO314300 ,3182550778725,Royal Canin ,124.5,188.57," ""4.08""",4,
RO251200 ,3182550831383,Royal Canin ,64,96.67," ""2.04""",2,
RO307350 ,3182550707046,Royal Canin ,298.5,448.57," ""15.27""",15,
RO251490 ,3182550793728,Royal Canin ,60,90," ""1.555""",1.5,
RO260620 ,3182550831345,Royal Canin ,60,90," ""1.531""",1.5,
RO306060 ,3182550793612,Royal Canin ,64.5,98.1," ""1.531""",1.5,
RO314140 ,3182550708180,Royal Canin ,106.5,161.43," ""4.08""",4,
RO250790 ,3182550708203,Royal Canin ,96.5,146.19," ""4.08""",4,
RO251030 ,3182550716888,Royal Canin ,193,290.95," ""8.16""",8,
RO250880 ,3182550793124,Royal Canin ,28.5,44.29," ""0.82""",0.8,
RO306990 ,3182550793001,Royal Canin ,67,102.86," ""2.04""",2,
RO306830 ,3182550778787,Royal Canin ,339.5,510.95," ""15.27""",15,
RO314290 ,3182550778770,Royal Canin ,113.5,171.9," ""4.08""",4,
RO314110 ,3182550402149,Royal Canin ,112,168.57," ""4.08""",4,
RO287360 ,3182550703079,Royal Canin ,270,406.67," ""15.27""",15,
RO307390 ,3182550707077,Royal Canin ,290.5,435.24," ""15.27""",15,
RO286490 ,3182550732154,Royal Canin ,268,403.81," ""15.27""",15,
RO250470 ,3182550774581,Royal Canin ,198.5,299.05," ""10.16""",10,
RO250440 ,3182550402224,Royal Canin ,99,150," ""4.08""",4,
RO307300 ,3182550732055,Royal Canin ,286.5,431.9," ""15.27""",15,
RO279590 ,3182550852319,Royal Canin ,85.5,129.52," ""3.07""",3,
RO286440 ,3182550402217,Royal Canin ,262.5,394.76," ""15.27""",15,
RO250700 ,3182550774536,Royal Canin ,186.5,281.9," ""10.16""",10,
RO250660 ,3182550708197,Royal Canin ,92.5,140," ""4.08""",4,
RO307100 ,3182550402439,Royal Canin ,32.5,50," ""1.02""",1,
RO250930 ,3182550402170,Royal Canin ,62.5,94.76," ""2.04""",2,
RO273620 ,3182550768641,Royal Canin ,114.5,173.33," ""0.415""",0.4,
RO277560 ,3182550765183,Royal Canin ,294,443.33," ""12.27""",12,
RO257440 ,3182550813051,Royal Canin ,76.5,115.71," ""1.531""",1.5,
RO255790 ,3182550730587,Royal Canin ,111,167.14," ""3.07""",3,
RO270980 ,3182550722575,Royal Canin ,75.5,115.24," ""1.555""",1.5,
RO254790 ,3182550821766,Royal Canin ,110,166.19," ""3.07""",3,
RO255420 ,3182550821414,Royal Canin ,70,106.19," ""1.531""",1.5,
RO257800 ,3182550743471,Royal Canin ,71.5,107.62," ""1.531""",1.5,
RO266460 ,3182550751261,Royal Canin ,297,445.71," ""12.27""",12,
RO257740 ,3182550722605,Royal Canin ,75.5,115.24," ""1.531""",1.5,
RO257470 ,3182550722544,Royal Canin ,75.5,115.24," ""1.555""",1.5,
RO257480 ,3182550813211,Royal Canin ,115,173.81," ""3.07""",3,
RO255950 ,3182550811774,Royal Canin ,113,170," ""3.07""",3,
RO255220 ,3182550811637,Royal Canin ,112.5,169.05," ""3.07""",3,
RO314500 ,3182550782203,Royal Canin ,64.5,98.1," ""1.555""",1.5,
RO255010 ,3182550719803,Royal Canin ,271.5,408.1," ""12.27""",12,
RO255390 ,3182550736046,Royal Canin ,271.5,408.1," ""12.27""",12,
RO255620 ,3182550743174,Royal Canin ,66,100.95," ""1.531""",1.5,
RO255170 ,3182550717335,Royal Canin ,66,100.95," ""1.555""",1.5,
RO255720 ,3182550752404,Royal Canin ,64.5,98.1," ""1.555""",1.5,
RO286070 ,3182550716857,Royal Canin ,62,95.24," ""1.555""",1.5,
RO255090 ,3182550728102,Royal Canin ,64.5,98.1," ""1.555""",1.5,
RO255870 ,3182550743228,Royal Canin ,68,103.33," ""1.531""",1.5,
RO255120 ,3182550743709,Royal Canin ,107,161.9," ""3.07""",3,
RO265730 ,3182550743501,Royal Canin ,64.5,98.1," ""1.531""",1.5,
RO255780 ,3182550736060,Royal Canin ,271.5,408.1," ""12.27""",12,
RO255370 ,3182550743440,Royal Canin ,271.5,408.1," ""12.27""",12,
RO255540 ,3182550715645,Royal Canin ,271.5,408.1," ""12.27""",12,
RO266470 ,3182550725514,Royal Canin ,297,445.71," ""12.27""",12,
RO307470 ,9003579010549,Royal Canin ,107,155.24," ""2.952""",2.34,
RO201020 ,3182550758840,Royal Canin ,88,134.29," ""2.426""",2,
RO235070 ,3182550825399,Royal Canin ,84.5,132.38," ""2.04""",2,
RO257620 ,3182550725507,Royal Canin ,92,144.76," ""3.07""",3,
RO255500 ,3182550715614,Royal Canin ,85,132.38," ""3.07""",3,
RO257550 ,3182550724142,Royal Canin ,92,144.76," ""3.07""",3,
RO255330 ,3182550715737,Royal Canin ,85,132.38," ""3.07""",3,
RO237450 ,9003579000403,Royal Canin ,63,91.9," ""1.164""",1.02,
RO310540 ,9003579311790,Royal Canin ,63,91.9," ""1.164""",1.02,
RO307560 ,9003579311783,Royal Canin ,63,91.9," ""1.164""",1.02,
RO237560 ,9003579309544,Royal Canin ,63,91.9," ""1.164""",1.02,
RO236590 ,3182550864091,Royal Canin ,84.5,132.38," ""2.04""",2,
RO254870 ,3182550813242,Royal Canin ,64.5,98.1," ""1.531""",1.5,
RO237650 ,9003579311844,Royal Canin ,63,91.9," ""1.164""",1.02,
RO267130 ,9003579001509,Royal Canin ,58,85.24," ""1.164""",1.02,
RO240810 ,9003579001240,Royal Canin ,63,91.9," ""1.164""",1.02,
RO267250 ,9003579001578,Royal Canin ,58,85.24," ""1.164""",1.02,
RO252070 ,3182550816502,Royal Canin ,93.5,141.43," ""2.04""",2,
RO251990 ,3182550816533,Royal Canin ,93.5,141.43," ""2.04""",2,
RO224210 ,9003579001165,Royal Canin ,63,91.9," ""1.164""",1.02,
RO266970 ,9003579001431,Royal Canin ,58,85.24," ""1.164""",1.02,
RO268520 ,9003579001646,Royal Canin ,58,85.24," ""1.164""",1.02,
RO241990 ,3182550721424,Royal Canin ,302.5,455.71," ""10.16""",10,
RO307620 ,9003579007129,Royal Canin ,63,91.9," ""1.164""",1.02,
RO307040 ,3182550793049,Royal Canin ,206,310.95," ""8.16""",8,
RO255920 ,3182550748032,Royal Canin ,248.5,374.29," ""7.62""",7.5,
RO255740 ,3182550811606,Royal Canin ,234,352.38," ""7.62""",7.5,
RO271920 ,3182550773829,Royal Canin ,94.5,143.33," ""3.07""",3,
RO313190 ,3182550717182,Royal Canin ,68.5,104.29," ""1.555""",1.5,
RO242040 ,3182550751995,Royal Canin ,88,134.29," ""2.04""",2,
RO240790 ,9003579001202,Royal Canin ,63,91.9," ""1.164""",1.02,
RO286510 ,3182550402316,Royal Canin ,268,404.29," ""15.27""",15,
RO312930 ,3182550842938,Royal Canin ,88,134.29," ""2.04""",2,
RO235910 ,3182550702607,Royal Canin ,22,35.24," ""0.415""",0.4,
RO241690 ,3182550721721,Royal Canin ,22,35.24," ""0.415""",0.4,
RO310700 ,9003579000359,Royal Canin ,63,91.9," ""1.164""",1.02,
RO255340 ,3182550892759,Royal Canin ,247.5,372.86," ""11.236""",11,
RO255640 ,3182550716932,Royal Canin ,240.5,360.95," ""7.62""",7.5,
RO307640 ,9003579008201,Royal Canin ,57,83.81," ""1.164""",1.02,
RO270010 ,9003579008249,Royal Canin ,55.5,81.43," ""1.164""",1.02,
RO307670 ,9003579008324,Royal Canin ,67.5,98.1," ""1.58""",1.4,
RO270070 ,9003579008362,Royal Canin ,61.5,90.95," ""1.58""",1.4,
RO307690 ,9003579008447,Royal Canin ,65.5,95.24," ""1.58""",1.4,
RO270130 ,9003579008485,Royal Canin ,60.5,89.05," ""1.58""",1.4,
RO272050 ,3182550893916,Royal Canin ,112,168.57," ""3.07""",3,
RO272150 ,3182550894012,Royal Canin ,100.5,152.38," ""3.07""",3,
RO279650 ,3182550894104,Royal Canin ,95.5,144.29," ""3.07""",3,
RO272200 ,3182550894050,Royal Canin ,111,168.1," ""3.07""",3,
RO229450 ,3182550707374,Royal Canin ,81,122.86," ""2.426""",2,
RO272260 ,3182550894128,Royal Canin ,100.5,152.38," ""3.07""",3,
RO288010 ,9003579013793,Royal Canin ,63,91.9," ""1.164""",1.02,
RO288030 ,9003579013861,Royal Canin ,63,91.9," ""1.164""",1.02,
RO288070 ,9003579013977,Royal Canin ,63,91.9," ""1.164""",1.02,
RO288100 ,9003579014042,Royal Canin ,63,91.9," ""1.164""",1.02,
RO313030 ,3182550903929,Royal Canin ,99,150," ""3.07""",3,
RO313050 ,3182550902984,Royal Canin ,225.5,339.52," ""8.16""",8,
RO314230 ,3182550707329,Royal Canin ,138,207.14," ""4.08""",4,
RO280490 ,3182550902991,Royal Canin ,60,90," ""1.535""",1.5,
RO279680 ,3182550902045,Royal Canin ,65,98.1," ""1.535""",1.5,
RO285860 ,3182550908443,Royal Canin ,66,99.52," ""1.531""",1.5,
RO237610 ,9003579311813,Royal Canin ,63,91.9," ""1.164""",1.02,
RO250630 ,3182550402446,Royal Canin ,26.5,40.95," ""1.02""",1,
RO250410 ,3182550402408,Royal Canin ,26.5,40.95," ""1.02""",1,
RO285090 ,9003579013694,Royal Canin ,58,85.24," ""1.164""",1.02,
RO242020 ,3182550751988,Royal Canin ,21.5,33.81," ""0.415""",0.4,
RO241940 ,3182550721394,Royal Canin ,21,32.86," ""0.415""",0.4,
RO280440 ,3182550706810,Royal Canin ,21,32.86," ""0.415""",0.4,
RO241400 ,3182550842907,Royal Canin ,21.5,33.81," ""0.415""",0.4,
RO251840 ,3182550721202,Royal Canin ,22,34.29," ""0.415""",0.4,
RO312950 ,3182550842952,Royal Canin ,151,228.57," ""4.08""",4,
RO270300 ,9003579008690,Royal Canin ,58,85.24," ""1.164""",1.02,
RO270430 ,9003579009451,Royal Canin ,58,85.24," ""1.164""",1.02,
RO270360 ,9003579008812,Royal Canin ,58,85.24," ""1.164""",1.02,
RO270340 ,9003579008775,Royal Canin ,58,85.24," ""1.164""",1.02,
RO270420 ,9003579009413,Royal Canin ,58,85.24," ""1.164""",1.02,
RO285110 ,9003579013748,Royal Canin ,58,85.24," ""1.164""",1.02,
RO305360 ,3182550928625,Royal Canin ,248,365.24," ""12.166""",12,
RO305330 ,3182550928588,Royal Canin ,261,393.33," ""12.166""",12,
RO305310 ,3182550928540,Royal Canin ,289,435.24," ""12.146""",12,
RO305300 ,3182550928526,Royal Canin ,319.5,481.9," ""12.146""",12,
RO305390 ,3182550928687,Royal Canin ,266,400.95," ""12.146""",12,
RO307630 ,9003579007167,Royal Canin ,63,91.9," ""1.164""",1.02,
RO305370 ,3182550928663,Royal Canin ,274.5,414.29," ""12.15""",12,
RO230060 ,3182550767323,Royal Canin ,85,127.62," ""2.426""",2,
RO285140 ,9003579013649,Royal Canin ,60.5,89.05," ""1.587""",1.4,
RO306530 ,3182550931038,Royal Canin ,314.5,465.71," ""10.123""",10,
RO303370 ,9003579018507,Royal Canin ,63,91.9," ""1.167""",1.02,
RO303420 ,9003579018859,Royal Canin ,63,91.9," ""1.167""",1.02,
RO303460 ,9003579018934,Royal Canin ,63,91.9," ""1.167""",1.02,
RO230160 ,3182550767194,Royal Canin ,85,127.62," ""2.031""",2,
RO228640 ,3182550702355,Royal Canin ,317.5,476.67," ""10.13""",10,
RO407230 ,3182550727822,Royal Canin ,106.5,160," ""4.052""",4,
RO404050 ,3182550793032,Royal Canin ,114,171.43," ""4.052""",4,
RO257760 ,3182550743464,Royal Canin ,25,37.62," ""0.515""",0.5,
SNPSANACWUS06L31 ,8411514805463,Sanicat ,29,52.38," ""5.06""",5.046,
SNPSANECOG010L31 ,8411514803070,Sanicat ,32,57.62," ""3.346""",3.3,
SNPSANCLWU008L31 ,8411514805555,Sanicat ,30,54.29," ""6.542""",6.502,
SNPSANACWLS06L31 ,8710673003216,Sanicat ,31,55.71," ""5.282""",5.162,
SNPSANCLWA010L31 ,8411514806248,Sanicat ,41,73.81," ""8.5""",8.3,
SNPSANCLWD010L31 ,8411514806255,Sanicat ,41,73.81," ""8.5""",8.3,
SNPSABIRD0005L31 ,8411514806149,Sanicat ,18.5,33.33," ""3.3""",3.3,
SNPSABIRD0035L02 ,8411514802530,Sanicat ,62,111.43," ""20""",20,
SNPSANKITT045L31 ,8411514806279,Sanicat ,17.5,31.43," ""3.55""",3.55,
SNPSANSTCL010K31 ,8411514806453,Sanicat ,44.5,75.71," ""10""",10,
